workers,pi_time,int_time,walk_time
1,0.129210,0.128818,0.133003
2,0.067703,0.065756,0.067953
4,0.034671,0.034131,0.039919
8,0.017271,0.019030,0.022302
