workers,pi_time,int_time,walk_time
1,0.138997,0.130776,0.131170
2,0.064727,0.066805,0.068242
4,0.033876,0.035060,0.035199
8,0.017201,0.018647,0.019656
